tahun,kode_provinsi,nama_provinsi,luas_panen,produktivitas,produksi,latitude,longitude
1993,1100,Prov. Nanggroe Aceh Darussalam,17941,21.7,38924,5.55,95.31667
1993,1200,Prov. Sumatera Utara,122039,22.23,271298,3.583333,98.66666
1993,1300,Prov. Sumatera Barat,12713,22,27969,-0.95,100.3531
1993,1400,Prov. Riau,10223,21.23,21699,0.4816667,101.4686
1993,1500,Prov. Jambi,6619,15.42,10206,-1.589167,103.61
1993,1600,Prov. Sumatera Selatan,22853,21.02,48036,-2.990833,104.7567
1993,1700,Prov. Bengkulu,20139,18.1,36449,-3.795556,102.2592
1993,1800,Prov. Lampung,252827,22.91,579141,-5.429722,105.2625
1993,1900,Prov. Kepulauan Bangka Belitung,0,0,0,-2.1,106.1
1993,2100,Prov. Kepulauan Riau,0,0,0,1.083333,104.4833
1993,3100,Prov. DKI Jakarta,40,13,52,-6.183333,106.8333
1993,3200,Prov. Jawa Barat,112988,24.27,274181,-6.914722,107.6097
1993,3300,Prov. Jawa Tengah,489673,25.33,1240472,-6.966667,110.4167
1993,3400,Prov. D I Yogyakarta,37726,20.86,78701,-7.801389,110.3644
1993,3500,Prov. Jawa Timur,1012051,23.35,2363252,-7.266667,112.7167
1993,3600,Prov. Banten,0,0,0,-6.12,106.1503
1993,5100,Prov. Bali,51038,20.72,105759,-8.65,115.2167
1993,5200,Prov. Nusa Tenggara Barat,26295,19.64,51650,-8.583333,116.1167
1993,5300,Prov. Nusa Tenggara Timur,206058,17.78,366347,-10.18333,123.5833
1993,6100,Prov. Kalimantan Barat,18331,13.29,24355,-0.0166667,109.3333
1993,6200,Prov. Kalimantan Tengah,2145,13.2,2831,-2.21,113.92
1993,6300,Prov. Kalimantan Selatan,15137,12.35,18690,-3.314444,114.5925
1993,6400,Prov. Kalimantan Timur,7676,15.72,12070,-0.5022222,117.1536
1993,7100,Prov. Sulawesi Utara,62350,19.9,124053,1.493056,124.8414
1993,7200,Prov. Sulawesi Tengah,12814,11.43,14647,-0.9,119.8333
1993,7300,Prov. Sulawesi Selatan,296481,18,533577,-5.133333,119.4167
1993,7400,Prov. Sulawesi Tenggara,43402,18.84,81769,-3.9675,122.5947
1993,7500,Prov. Gorontalo,0,0,0,0.5333334,123.0667
1993,7600,Prov. Sulawesi Barat,0,0,0,-2.668611,118.8622
1993,8100,Prov. Maluku,18814,13.32,25069,-3.7,128.1667
1993,8200,Prov. Maluku Utara,0,0,0,0.7833334,127.3667
1993,9100,Prov. Papua Barat,0,0,0,-0.8666667,134.0833
1993,9400,Prov. Papua,3093,12.99,4017,-2.533056,140.7169
1994,1100,Prov. Nanggroe Aceh Darussalam,13105,21.81,28578,5.55,95.31667
1994,1200,Prov. Sumatera Utara,140941,22.13,311918,3.583333,98.66666
1994,1300,Prov. Sumatera Barat,15787,22.86,36083,-0.95,100.3531
1994,1400,Prov. Riau,15484,21.49,33274,0.4816667,101.4686
1994,1500,Prov. Jambi,7825,14.49,11337,-1.589167,103.61
1994,1600,Prov. Sumatera Selatan,20014,18.14,36299,-2.990833,104.7567
1994,1700,Prov. Bengkulu,17963,17.98,32303,-3.795556,102.2592
1994,1800,Prov. Lampung,249581,22.56,563069,-5.429722,105.2625
1994,1900,Prov. Kepulauan Bangka Belitung,0,0,0,-2.1,106.1
1994,2100,Prov. Kepulauan Riau,0,0,0,1.083333,104.4833
1994,3100,Prov. DKI Jakarta,15,13.33,20,-6.183333,106.8333
1994,3200,Prov. Jawa Barat,113486,24.14,273919,-6.914722,107.6097
1994,3300,Prov. Jawa Tengah,492630,25.45,1253931,-6.966667,110.4167
1994,3400,Prov. D I Yogyakarta,63139,21.44,135356,-7.801389,110.3644
1994,3500,Prov. Jawa Timur,1117789,23.58,2636015,-7.266667,112.7167
1994,3600,Prov. Banten,0,0,0,-6.12,106.1503
1994,5100,Prov. Bali,40251,21.19,85286,-8.65,115.2167
1994,5200,Prov. Nusa Tenggara Barat,27772,18.6,51647,-8.583333,116.1167
1994,5300,Prov. Nusa Tenggara Timur,231247,17.25,398797,-10.18333,123.5833
1994,6100,Prov. Kalimantan Barat,14947,12.77,19080,-0.0166667,109.3333
1994,6200,Prov. Kalimantan Tengah,3955,13.84,5475,-2.21,113.92
1994,6300,Prov. Kalimantan Selatan,14972,12.53,18755,-3.314444,114.5925
1994,6400,Prov. Kalimantan Timur,8113,15,12169,-0.5022222,117.1536
1994,7100,Prov. Sulawesi Utara,68052,19.94,135693,1.493056,124.8414
1994,7200,Prov. Sulawesi Tengah,11869,11.56,13716,-0.9,119.8333
1994,7300,Prov. Sulawesi Selatan,300797,18.59,559093,-5.133333,119.4167
1994,7400,Prov. Sulawesi Tenggara,39255,18.73,73513,-3.9675,122.5947
1994,7500,Prov. Gorontalo,0,0,0,0.5333334,123.0667
1994,7600,Prov. Sulawesi Barat,0,0,0,-2.668611,118.8622
1994,8100,Prov. Maluku,14827,15.25,22616,-3.7,128.1667
1994,8200,Prov. Maluku Utara,0,0,0,0.7833334,127.3667
1994,9100,Prov. Papua Barat,0,0,0,-0.8666667,134.0833
1994,9400,Prov. Papua,3562,11.8,4204,-2.533056,140.7169
1995,1100,Prov. Nanggroe Aceh Darussalam,20639,21.77,44921,5.55,95.31667
1995,1200,Prov. Sumatera Utara,165230,22.49,371578,3.583333,98.66666
1995,1300,Prov. Sumatera Barat,20626,23.33,48115,-0.95,100.3531
1995,1400,Prov. Riau,10158,21.12,21455,0.4816667,101.4686
1995,1500,Prov. Jambi,9499,14.96,14213,-1.589167,103.61
1995,1600,Prov. Sumatera Selatan,39165,21.12,82707,-2.990833,104.7567
1995,1700,Prov. Bengkulu,28755,18.16,52232,-3.795556,102.2592
1995,1800,Prov. Lampung,363678,23.18,843177,-5.429722,105.2625
1995,1900,Prov. Kepulauan Bangka Belitung,0,0,0,-2.1,106.1
1995,2100,Prov. Kepulauan Riau,0,0,0,1.083333,104.4833
1995,3100,Prov. DKI Jakarta,13,13.08,17,-6.183333,106.8333
1995,3200,Prov. Jawa Barat,136280,24.37,332179,-6.914722,107.6097
1995,3300,Prov. Jawa Tengah,672077,25.41,1707516,-6.966667,110.4167
1995,3400,Prov. D I Yogyakarta,68897,21.8,150204,-7.801389,110.3644
1995,3500,Prov. Jawa Timur,1187136,23.76,2820868,-7.266667,112.7167
1995,3600,Prov. Banten,0,0,0,-6.12,106.1503
1995,5100,Prov. Bali,42357,21.44,90800,-8.65,115.2167
1995,5200,Prov. Nusa Tenggara Barat,29556,17.66,52197,-8.583333,116.1167
1995,5300,Prov. Nusa Tenggara Timur,254176,16.38,416362,-10.18333,123.5833
1995,6100,Prov. Kalimantan Barat,20088,12.9,25922,-0.0166667,109.3333
1995,6200,Prov. Kalimantan Tengah,4648,14.95,6951,-2.21,113.92
1995,6300,Prov. Kalimantan Selatan,13964,12.64,17645,-3.314444,114.5925
1995,6400,Prov. Kalimantan Timur,8276,16.99,14062,-0.5022222,117.1536
1995,7100,Prov. Sulawesi Utara,79745,20.62,164431,1.493056,124.8414
1995,7200,Prov. Sulawesi Tengah,19029,13.62,25925,-0.9,119.8333
1995,7300,Prov. Sulawesi Selatan,343087,21.54,738935,-5.133333,119.4167
1995,7400,Prov. Sulawesi Tenggara,39344,20.3,79858,-3.9675,122.5947
1995,7500,Prov. Gorontalo,0,0,0,0.5333334,123.0667
1995,7600,Prov. Sulawesi Barat,0,0,0,-2.668611,118.8622
1995,8100,Prov. Maluku,14068,9.22,12966,-3.7,128.1667
1995,8200,Prov. Maluku Utara,0,0,0,0.7833334,127.3667
1995,9100,Prov. Papua Barat,0,0,0,-0.8666667,134.0833
1995,9400,Prov. Papua,5209,14.64,7627,-2.533056,140.7169
1996,1100,Prov. Nanggroe Aceh Darussalam,19677,23.16,45566,5.55,95.31667
1996,1200,Prov. Sumatera Utara,174000,22.91,398707,3.583333,98.66666
1996,1300,Prov. Sumatera Barat,23676,22.55,53387,-0.95,100.3531
1996,1400,Prov. Riau,17953,21.64,38853,0.4816667,101.4686
1996,1500,Prov. Jambi,11975,14.94,17895,-1.589167,103.61
1996,1600,Prov. Sumatera Selatan,40307,21.12,85141,-2.990833,104.7567
1996,1700,Prov. Bengkulu,29708,18.16,53940,-3.795556,102.2592
1996,1800,Prov. Lampung,403264,23.27,938395,-5.429722,105.2625
1996,1900,Prov. Kepulauan Bangka Belitung,0,0,0,-2.1,106.1
1996,2100,Prov. Kepulauan Riau,0,0,0,1.083333,104.4833
1996,3100,Prov. DKI Jakarta,14,19.29,27,-6.183333,106.8333
1996,3200,Prov. Jawa Barat,132538,25.97,344242,-6.914722,107.6097
1996,3300,Prov. Jawa Tengah,614928,27.69,1702890,-6.966667,110.4167
1996,3400,Prov. D I Yogyakarta,65773,21.8,143394,-7.801389,110.3644
1996,3500,Prov. Jawa Timur,1269529,26.92,3417489,-7.266667,112.7167
1996,3600,Prov. Banten,0,0,0,-6.12,106.1503
1996,5100,Prov. Bali,42294,21.68,91704,-8.65,115.2167
1996,5200,Prov. Nusa Tenggara Barat,34570,18.94,65472,-8.583333,116.1167
1996,5300,Prov. Nusa Tenggara Timur,252808,21.83,551855,-10.18333,123.5833
1996,6100,Prov. Kalimantan Barat,25003,14.92,37307,-0.0166667,109.3333
1996,6200,Prov. Kalimantan Tengah,6685,15.15,10127,-2.21,113.92
1996,6300,Prov. Kalimantan Selatan,21598,13.14,28372,-3.314444,114.5925
1996,6400,Prov. Kalimantan Timur,6529,16.57,10819,-0.5022222,117.1536
1996,7100,Prov. Sulawesi Utara,77606,22.78,176775,1.493056,124.8414
1996,7200,Prov. Sulawesi Tengah,18441,20.31,37453,-0.9,119.8333
1996,7300,Prov. Sulawesi Selatan,337148,24.98,842332,-5.133333,119.4167
1996,7400,Prov. Sulawesi Tenggara,43025,19.46,83744,-3.9675,122.5947
1996,7500,Prov. Gorontalo,0,0,0,0.5333334,123.0667
1996,7600,Prov. Sulawesi Barat,0,0,0,-2.668611,118.8622
1996,8100,Prov. Maluku,11076,15.05,16670,-3.7,128.1667
1996,8200,Prov. Maluku Utara,0,0,0,0.7833334,127.3667
1996,9100,Prov. Papua Barat,0,0,0,-0.8666667,134.0833
1996,9400,Prov. Papua,5334,15.47,8251,-2.533056,140.7169
1997,1100,Prov. Nanggroe Aceh Darussalam,25312,23.18,58679,5.55,95.31667
1997,1200,Prov. Sumatera Utara,198246,23.19,459715,3.583333,98.66666
1997,1300,Prov. Sumatera Barat,20765,22.63,47001,-0.95,100.3531
1997,1400,Prov. Riau,16320,21.6,35253,0.4816667,101.4686
1997,1500,Prov. Jambi,10524,16.88,17764,-1.589167,103.61
1997,1600,Prov. Sumatera Selatan,50777,21.36,108450,-2.990833,104.7567
1997,1700,Prov. Bengkulu,33232,18.38,61081,-3.795556,102.2592
1997,1800,Prov. Lampung,359058,30.1,1080691,-5.429722,105.2625
1997,1900,Prov. Kepulauan Bangka Belitung,0,0,0,-2.1,106.1
1997,2100,Prov. Kepulauan Riau,0,0,0,1.083333,104.4833
1997,3100,Prov. DKI Jakarta,11,18.18,20,-6.183333,106.8333
1997,3200,Prov. Jawa Barat,127994,26.25,336014,-6.914722,107.6097
1997,3300,Prov. Jawa Tengah,461420,28.01,1292325,-6.966667,110.4167
1997,3400,Prov. D I Yogyakarta,59508,27.8,165438,-7.801389,110.3644
1997,3500,Prov. Jawa Timur,1099603,27.72,3048041,-7.266667,112.7167
1997,3600,Prov. Banten,0,0,0,-6.12,106.1503
1997,5100,Prov. Bali,44190,24.3,107395,-8.65,115.2167
1997,5200,Prov. Nusa Tenggara Barat,36070,19.6,70702,-8.583333,116.1167
1997,5300,Prov. Nusa Tenggara Timur,250460,22.26,557457,-10.18333,123.5833
1997,6100,Prov. Kalimantan Barat,25440,16.11,40984,-0.0166667,109.3333
1997,6200,Prov. Kalimantan Tengah,4444,15.85,7042,-2.21,113.92
1997,6300,Prov. Kalimantan Selatan,18212,14.46,26334,-3.314444,114.5925
1997,6400,Prov. Kalimantan Timur,5418,17.5,9480,-0.5022222,117.1536
1997,7100,Prov. Sulawesi Utara,65286,21.52,140473,1.493056,124.8414
1997,7200,Prov. Sulawesi Tengah,12465,21.65,26986,-0.9,119.8333
1997,7300,Prov. Sulawesi Selatan,321824,27.1,872070,-5.133333,119.4167
1997,7400,Prov. Sulawesi Tenggara,38065,19.93,75882,-3.9675,122.5947
1997,7500,Prov. Gorontalo,0,0,0,0.5333334,123.0667
1997,7600,Prov. Sulawesi Barat,0,0,0,-2.668611,118.8622
1997,8100,Prov. Maluku,11035,15.5,17101,-3.7,128.1667
1997,8200,Prov. Maluku Utara,0,0,0,0.7833334,127.3667
1997,9100,Prov. Papua Barat,0,0,0,-0.8666667,134.0833
1997,9400,Prov. Papua,6116,15.16,9269,-2.533056,140.7169
1998,1100,Prov. Nanggroe Aceh Darussalam,29000,22.64,65660,5.55,95.31667
1998,1200,Prov. Sumatera Utara,183332,27.81,509809,3.583333,98.66666
1998,1300,Prov. Sumatera Barat,29129,22.56,65701,-0.95,100.3531
1998,1400,Prov. Riau,19261,21.51,41433,0.4816667,101.4686
1998,1500,Prov. Jambi,18345,16.53,30320,-1.589167,103.61
1998,1600,Prov. Sumatera Selatan,48763,21.6,105309,-2.990833,104.7567
1998,1700,Prov. Bengkulu,36119,17.74,64062,-3.795556,102.2592
1998,1800,Prov. Lampung,374840,29.66,1111832,-5.429722,105.2625
1998,1900,Prov. Kepulauan Bangka Belitung,0,0,0,-2.1,106.1
1998,2100,Prov. Kepulauan Riau,0,0,0,1.083333,104.4833
1998,3100,Prov. DKI Jakarta,45,17.33,78,-6.183333,106.8333
1998,3200,Prov. Jawa Barat,158993,26.82,426430,-6.914722,107.6097
1998,3300,Prov. Jawa Tengah,648268,27.49,1781846,-6.966667,110.4167
1998,3400,Prov. D I Yogyakarta,62164,25.32,157382,-7.801389,110.3644
1998,3500,Prov. Jawa Timur,1348462,27.92,3765141,-7.266667,112.7167
1998,3600,Prov. Banten,0,0,0,-6.12,106.1503
1998,5100,Prov. Bali,46013,24.76,113921,-8.65,115.2167
1998,5200,Prov. Nusa Tenggara Barat,39971,19.37,77412,-8.583333,116.1167
1998,5300,Prov. Nusa Tenggara Timur,231981,20.85,483793,-10.18333,123.5833
1998,6100,Prov. Kalimantan Barat,20257,16.1,32614,-0.0166667,109.3333
1998,6200,Prov. Kalimantan Tengah,6010,15.06,9049,-2.21,113.92
1998,6300,Prov. Kalimantan Selatan,21396,14.99,32064,-3.314444,114.5925
1998,6400,Prov. Kalimantan Timur,7032,16.69,11733,-0.5022222,117.1536
1998,7100,Prov. Sulawesi Utara,73198,21.02,153878,1.493056,124.8414
1998,7200,Prov. Sulawesi Tengah,20932,20.93,43815,-0.9,119.8333
1998,7300,Prov. Sulawesi Selatan,338263,27.1,916585,-5.133333,119.4167
1998,7400,Prov. Sulawesi Tenggara,44594,21.82,97308,-3.9675,122.5947
1998,7500,Prov. Gorontalo,0,0,0,0.5333334,123.0667
1998,7600,Prov. Sulawesi Barat,0,0,0,-2.668611,118.8622
1998,8100,Prov. Maluku,6130,13.71,8404,-3.7,128.1667
1998,8200,Prov. Maluku Utara,0,0,0,0.7833334,127.3667
1998,9100,Prov. Papua Barat,0,0,0,-0.8666667,134.0833
1998,9400,Prov. Papua,3421,14.55,4978,-2.533056,140.7169
1999,1100,Prov. Nanggroe Aceh Darussalam,30545,24.37,74449,5.55,95.31667
1999,1200,Prov. Sumatera Utara,199355,31.08,619667,3.583333,98.66666
1999,1300,Prov. Sumatera Barat,26140,23.01,60161,-0.95,100.3531
1999,1400,Prov. Riau,25890,21.75,56317,0.4816667,101.4686
1999,1500,Prov. Jambi,18940,16.12,30533,-1.589167,103.61
1999,1600,Prov. Sumatera Selatan,52995,21.89,116020,-2.990833,104.7567
1999,1700,Prov. Bengkulu,29718,18.57,55178,-3.795556,102.2592
1999,1800,Prov. Lampung,399827,29.42,1176489,-5.429722,105.2625
1999,1900,Prov. Kepulauan Bangka Belitung,0,0,0,-2.1,106.1
1999,2100,Prov. Kepulauan Riau,0,0,0,1.083333,104.4833
1999,3100,Prov. DKI Jakarta,34,19.71,67,-6.183333,106.8333
1999,3200,Prov. Jawa Barat,147661,28.33,418314,-6.914722,107.6097
1999,3300,Prov. Jawa Tengah,543994,28.04,1525281,-6.966667,110.4167
1999,3400,Prov. D I Yogyakarta,61919,23.84,147628,-7.801389,110.3644
1999,3500,Prov. Jawa Timur,1132407,27.82,3150869,-7.266667,112.7167
1999,3600,Prov. Banten,0,0,0,-6.12,106.1503
1999,5100,Prov. Bali,38524,25.01,96342,-8.65,115.2167
1999,5200,Prov. Nusa Tenggara Barat,35739,19.87,71005,-8.583333,116.1167
1999,5300,Prov. Nusa Tenggara Timur,237383,20.79,493535,-10.18333,123.5833
1999,6100,Prov. Kalimantan Barat,23970,15.79,37848,-0.0166667,109.3333
1999,6200,Prov. Kalimantan Tengah,7710,15.1,11645,-2.21,113.92
1999,6300,Prov. Kalimantan Selatan,23058,15.14,34905,-3.314444,114.5925
1999,6400,Prov. Kalimantan Timur,7763,17.49,13577,-0.5022222,117.1536
1999,7100,Prov. Sulawesi Utara,94012,22.18,208538,1.493056,124.8414
1999,7200,Prov. Sulawesi Tengah,28229,21.25,59980,-0.9,119.8333
1999,7300,Prov. Sulawesi Selatan,241176,27.04,652223,-5.133333,119.4167
1999,7400,Prov. Sulawesi Tenggara,37918,20.35,77152,-3.9675,122.5947
1999,7500,Prov. Gorontalo,0,0,0,0.5333334,123.0667
1999,7600,Prov. Sulawesi Barat,0,0,0,-2.668611,118.8622
1999,8100,Prov. Maluku,7843,13.86,10870,-3.7,128.1667
1999,8200,Prov. Maluku Utara,0,0,0,0.7833334,127.3667
1999,9100,Prov. Papua Barat,0,0,0,-0.8666667,134.0833
1999,9400,Prov. Papua,3607,15.09,5443,-2.533056,140.7169
2000,1100,Prov. Nanggroe Aceh Darussalam,15576,23.52,36642,5.55,95.31667
2000,1200,Prov. Sumatera Utara,221906,30.05,666764,3.583333,98.66666
2000,1300,Prov. Sumatera Barat,23837,23.65,56386,-0.95,100.3531
2000,1400,Prov. Riau,22253,21.79,48493,0.4816667,101.4686
2000,1500,Prov. Jambi,12496,19.91,24875,-1.589167,103.61
2000,1600,Prov. Sumatera Selatan,41280,22.9,94528,-2.990833,104.7567
2000,1700,Prov. Bengkulu,25397,18.36,46638,-3.795556,102.2592
2000,1800,Prov. Lampung,382401,29.37,1122954,-5.429722,105.2625
2000,1900,Prov. Kepulauan Bangka Belitung,0,0,0,-2.1,106.1
2000,2100,Prov. Kepulauan Riau,0,0,0,1.083333,104.4833
2000,3100,Prov. DKI Jakarta,44,17.73,78,-6.183333,106.8333
2000,3200,Prov. Jawa Barat,138957,29.65,412020,-6.914722,107.6097
2000,3300,Prov. Jawa Tengah,581893,29.45,1713805,-6.966667,110.4167
2000,3400,Prov. D I Yogyakarta,65953,26.31,173536,-7.801389,110.3644
2000,3500,Prov. Jawa Timur,1170481,29.8,3487735,-7.266667,112.7167
2000,3600,Prov. Banten,0,0,0,-6.12,106.1503
2000,5100,Prov. Bali,38258,24.89,95206,-8.65,115.2167
2000,5200,Prov. Nusa Tenggara Barat,31948,20.73,66216,-8.583333,116.1167
2000,5300,Prov. Nusa Tenggara Timur,253224,20.82,527230,-10.18333,123.5833
2000,6100,Prov. Kalimantan Barat,18237,17.34,31631,-0.0166667,109.3333
2000,6200,Prov. Kalimantan Tengah,6319,14.62,9239,-2.21,113.92
2000,6300,Prov. Kalimantan Selatan,24578,15.06,37011,-3.314444,114.5925
2000,6400,Prov. Kalimantan Timur,7844,17.63,13827,-0.5022222,117.1536
2000,7100,Prov. Sulawesi Utara,100718,22.3,224599,1.493056,124.8414
2000,7200,Prov. Sulawesi Tengah,23479,22.71,53323,-0.9,119.8333
2000,7300,Prov. Sulawesi Selatan,241969,26.16,633020,-5.133333,119.4167
2000,7400,Prov. Sulawesi Tenggara,41882,20.81,87141,-3.9675,122.5947
2000,7500,Prov. Gorontalo,0,0,0,0.5333334,123.0667
2000,7600,Prov. Sulawesi Barat,0,0,0,-2.668611,118.8622
2000,8100,Prov. Maluku,4828,14.69,7092,-3.7,128.1667
2000,8200,Prov. Maluku Utara,0,0,0,0.7833334,127.3667
2000,9100,Prov. Papua Barat,0,0,0,-0.8666667,134.0833
2000,9400,Prov. Papua,4560,15.15,6910,-2.533056,140.7169
2001,1100,Prov. Nanggroe Aceh Darussalam,20605,24.86,51232,5.55,95.31667
2001,1200,Prov. Sumatera Utara,198709,31.91,634162,3.583333,98.66666
2001,1300,Prov. Sumatera Barat,18389,26.55,48820,-0.95,100.3531
2001,1400,Prov. Riau,18349,21.75,39915,0.4816667,101.4686
2001,1500,Prov. Jambi,11485,20.88,23975,-1.589167,103.61
2001,1600,Prov. Sumatera Selatan,28831,23.85,68769,-2.990833,104.7567
2001,1700,Prov. Bengkulu,22576,18.41,41557,-3.795556,102.2592
2001,1800,Prov. Lampung,378251,29.69,1122886,-5.429722,105.2625
2001,1900,Prov. Kepulauan Bangka Belitung,545,20.4,1112,-2.1,106.1
2001,2100,Prov. Kepulauan Riau,0,0,0,1.083333,104.4833
2001,3100,Prov. DKI Jakarta,35,18.29,64,-6.183333,106.8333
2001,3200,Prov. Jawa Barat,117670,30.68,361061,-6.914722,107.6097
2001,3300,Prov. Jawa Tengah,528860,29.38,1553920,-6.966667,110.4167
2001,3400,Prov. D I Yogyakarta,71374,26.28,187577,-7.801389,110.3644
2001,3500,Prov. Jawa Timur,1135832,31.08,3529968,-7.266667,112.7167
2001,3600,Prov. Banten,12534,24.25,30396,-6.12,106.1503
2001,5100,Prov. Bali,31858,25.01,79692,-8.65,115.2167
2001,5200,Prov. Nusa Tenggara Barat,24969,20.34,50777,-8.583333,116.1167
2001,5300,Prov. Nusa Tenggara Timur,258332,21.42,553298,-10.18333,123.5833
2001,6100,Prov. Kalimantan Barat,16337,21.73,35500,-0.0166667,109.3333
2001,6200,Prov. Kalimantan Tengah,5073,15.43,7830,-2.21,113.92
2001,6300,Prov. Kalimantan Selatan,21019,18.21,38279,-3.314444,114.5925
2001,6400,Prov. Kalimantan Timur,5973,17.37,10378,-0.5022222,117.1536
2001,7100,Prov. Sulawesi Utara,68443,21.98,150459,1.493056,124.8414
2001,7200,Prov. Sulawesi Tengah,20330,24.15,49095,-0.9,119.8333
2001,7300,Prov. Sulawesi Selatan,191960,26.85,515405,-5.133333,119.4167
2001,7400,Prov. Sulawesi Tenggara,28771,20.99,60385,-3.9675,122.5947
2001,7500,Prov. Gorontalo,36610,22.32,81720,0.5333334,123.0667
2001,7600,Prov. Sulawesi Barat,0,0,0,-2.668611,118.8622
2001,8100,Prov. Maluku,6673,15.51,10351,-3.7,128.1667
2001,8200,Prov. Maluku Utara,0,0,0,0.7833334,127.3667
2001,9100,Prov. Papua Barat,0,0,0,-0.8666667,134.0833
2001,9400,Prov. Papua,5473,15.73,8609,-2.533056,140.7169
2002,1100,Prov. Nanggroe Aceh Darussalam,23874,25.18,60105,5.55,95.31667
2002,1200,Prov. Sumatera Utara,198670,32.24,640593,3.583333,98.66666
2002,1300,Prov. Sumatera Barat,25644,26.22,67241,-0.95,100.3531
2002,1400,Prov. Riau,17790,21.69,38588,0.4816667,101.4686
2002,1500,Prov. Jambi,11528,23.18,26722,-1.589167,103.61
2002,1600,Prov. Sumatera Selatan,21751,24.57,53436,-2.990833,104.7567
2002,1700,Prov. Bengkulu,28948,18.03,52190,-3.795556,102.2592
2002,1800,Prov. Lampung,320057,30.91,989323,-5.429722,105.2625
2002,1900,Prov. Kepulauan Bangka Belitung,434,21.45,931,-2.1,106.1
2002,2100,Prov. Kepulauan Riau,0,0,0,1.083333,104.4833
2002,3100,Prov. DKI Jakarta,28,18.21,51,-6.183333,106.8333
2002,3200,Prov. Jawa Barat,126146,36.8,464264,-6.914722,107.6097
2002,3300,Prov. Jawa Tengah,495224,30.4,1505706,-6.966667,110.4167
2002,3400,Prov. D I Yogyakarta,62309,27.4,170753,-7.801389,110.3644
2002,3500,Prov. Jawa Timur,1043285,35.39,3692146,-7.266667,112.7167
2002,3600,Prov. Banten,8354,23,19216,-6.12,106.1503
2002,5100,Prov. Bali,34395,28.66,98584,-8.65,115.2167
2002,5200,Prov. Nusa Tenggara Barat,28847,20.03,57785,-8.583333,116.1167
2002,5300,Prov. Nusa Tenggara Timur,258460,22.48,580900,-10.18333,123.5833
2002,6100,Prov. Kalimantan Barat,20496,22.84,46813,-0.0166667,109.3333
2002,6200,Prov. Kalimantan Tengah,4823,16.03,7730,-2.21,113.92
2002,6300,Prov. Kalimantan Selatan,16760,17.31,29012,-3.314444,114.5925
2002,6400,Prov. Kalimantan Timur,6372,19.12,12181,-0.5022222,117.1536
2002,7100,Prov. Sulawesi Utara,55650,21.01,116897,1.493056,124.8414
2002,7200,Prov. Sulawesi Tengah,21810,22.24,48498,-0.9,119.8333
2002,7300,Prov. Sulawesi Selatan,205909,32.1,661005,-5.133333,119.4167
2002,7400,Prov. Sulawesi Tenggara,33789,20.17,68148,-3.9675,122.5947
2002,7500,Prov. Gorontalo,45718,28.49,130251,0.5333334,123.0667
2002,7600,Prov. Sulawesi Barat,0,0,0,-2.668611,118.8622
2002,8100,Prov. Maluku,4867,14.58,7096,-3.7,128.1667
2002,8200,Prov. Maluku Utara,0,0,0,0.7833334,127.3667
2002,9100,Prov. Papua Barat,0,0,0,-0.8666667,134.0833
2002,9400,Prov. Papua,4895,16.22,7940,-2.533056,140.7169
2003,1100,Prov. Nanggroe Aceh Darussalam,25188,26.75,67386,5.55,95.31667
2003,1200,Prov. Sumatera Utara,210782,32.61,687360,3.583333,98.66666
2003,1300,Prov. Sumatera Barat,24253,35.22,85410,-0.95,100.3531
2003,1400,Prov. Riau,14581,21.7,31635,0.4816667,101.4686
2003,1500,Prov. Jambi,8966,30.2,27077,-1.589167,103.61
2003,1600,Prov. Sumatera Selatan,21404,27.69,59261,-2.990833,104.7567
2003,1700,Prov. Bengkulu,28214,18.69,52723,-3.795556,102.2592
2003,1800,Prov. Lampung,330852,32.88,1087751,-5.429722,105.2625
2003,1900,Prov. Kepulauan Bangka Belitung,708,29,2053,-2.1,106.1
2003,2100,Prov. Kepulauan Riau,0,0,0,1.083333,104.4833
2003,3100,Prov. DKI Jakarta,30,19.67,59,-6.183333,106.8333
2003,3200,Prov. Jawa Barat,105167,42.19,443729,-6.914722,107.6097
2003,3300,Prov. Jawa Tengah,559973,34.4,1926243,-6.966667,110.4167
2003,3400,Prov. D I Yogyakarta,65062,31.37,204129,-7.801389,110.3644
2003,3500,Prov. Jawa Timur,1169388,35.76,4181550,-7.266667,112.7167
2003,3600,Prov. Banten,8331,29.86,24875,-6.12,106.1503
2003,5100,Prov. Bali,29941,30,89819,-8.65,115.2167
2003,5200,Prov. Nusa Tenggara Barat,31217,20.57,64228,-8.583333,116.1167
2003,5300,Prov. Nusa Tenggara Timur,257724,22.63,583355,-10.18333,123.5833
2003,6100,Prov. Kalimantan Barat,31438,26.9,84581,-0.0166667,109.3333
2003,6200,Prov. Kalimantan Tengah,5640,16.36,9226,-2.21,113.92
2003,6300,Prov. Kalimantan Selatan,15371,19.62,30158,-3.314444,114.5925
2003,6400,Prov. Kalimantan Timur,5311,20.71,10997,-0.5022222,117.1536
2003,7100,Prov. Sulawesi Utara,65656,22.03,144668,1.493056,124.8414
2003,7200,Prov. Sulawesi Tengah,22309,22.04,49177,-0.9,119.8333
2003,7300,Prov. Sulawesi Selatan,213818,30.44,650832,-5.133333,119.4167
2003,7400,Prov. Sulawesi Tenggara,37927,23.11,87650,-3.9675,122.5947
2003,7500,Prov. Gorontalo,58716,31.34,183998,0.5333334,123.0667
2003,7600,Prov. Sulawesi Barat,0,0,0,-2.668611,118.8622
2003,8100,Prov. Maluku,5039,15.67,7895,-3.7,128.1667
2003,8200,Prov. Maluku Utara,2464,15.33,3778,0.7833334,127.3667
2003,9100,Prov. Papua Barat,0,0,0,-0.8666667,134.0833
2003,9400,Prov. Papua,3041,15.91,4839,-2.533056,140.7169
2004,1100,Prov. Nanggroe Aceh Darussalam,25748,30.2,77747,5.55,95.31667
2004,1200,Prov. Sumatera Utara,214885,33.16,712560,3.583333,98.66666
2004,1300,Prov. Sumatera Barat,32546,36.31,118170,-0.95,100.3531
2004,1400,Prov. Riau,19285,21.84,42122,0.4816667,101.4686
2004,1500,Prov. Jambi,8724,31.57,27540,-1.589167,103.61
2004,1600,Prov. Sumatera Selatan,23859,27.34,65234,-2.990833,104.7567
2004,1700,Prov. Bengkulu,20049,24.94,50012,-3.795556,102.2592
2004,1800,Prov. Lampung,364842,33.36,1216974,-5.429722,105.2625
2004,1900,Prov. Kepulauan Bangka Belitung,1076,29.73,3199,-2.1,106.1
2004,2100,Prov. Kepulauan Riau,0,0,0,1.083333,104.4833
2004,3100,Prov. DKI Jakarta,29,18.97,55,-6.183333,106.8333
2004,3200,Prov. Jawa Barat,119872,45.84,549442,-6.914722,107.6097
2004,3300,Prov. Jawa Tengah,521645,35.2,1836233,-6.966667,110.4167
2004,3400,Prov. D I Yogyakarta,67645,31.3,211730,-7.801389,110.3644
2004,3500,Prov. Jawa Timur,1141671,36.21,4133762,-7.266667,112.7167
2004,3600,Prov. Banten,8818,28.47,25102,-6.12,106.1503
2004,5100,Prov. Bali,25782,26.54,68424,-8.65,115.2167
2004,5200,Prov. Nusa Tenggara Barat,33140,21.51,71276,-8.583333,116.1167
2004,5300,Prov. Nusa Tenggara Timur,264907,23.51,622811,-10.18333,123.5833
2004,6100,Prov. Kalimantan Barat,35747,28.69,102555,-0.0166667,109.3333
2004,6200,Prov. Kalimantan Tengah,580,16.71,969,-2.21,113.92
2004,6300,Prov. Kalimantan Selatan,15491,29.49,45686,-3.314444,114.5925
2004,6400,Prov. Kalimantan Timur,5466,22.71,12412,-0.5022222,117.1536
2004,7100,Prov. Sulawesi Utara,66196,22.68,150128,1.493056,124.8414
2004,7200,Prov. Sulawesi Tengah,22121,24.16,53450,-0.9,119.8333
2004,7300,Prov. Sulawesi Selatan,196393,34.36,674716,-5.133333,119.4167
2004,7400,Prov. Sulawesi Tenggara,35151,22.23,78147,-3.9675,122.5947
2004,7500,Prov. Gorontalo,72529,34.64,251214,0.5333334,123.0667
2004,7600,Prov. Sulawesi Barat,0,0,0,-2.668611,118.8622
2004,8100,Prov. Maluku,5413,23.05,12477,-3.7,128.1667
2004,8200,Prov. Maluku Utara,3247,15.57,5056,0.7833334,127.3667
2004,9100,Prov. Papua Barat,0,0,0,-0.8666667,134.0833
2004,9400,Prov. Papua,4057,14.89,6040,-2.533056,140.7169
2005,1100,Prov. Nanggroe Aceh Darussalam,29517,31.99,94426,5.55,95.31667
2005,1200,Prov. Sumatera Utara,218569,33.65,735456,3.583333,98.66666
2005,1300,Prov. Sumatera Barat,39762,39.52,157147,-0.95,100.3531
2005,1400,Prov. Riau,16524,22.04,36421,0.4816667,101.4686
2005,1500,Prov. Jambi,8874,33.44,29679,-1.589167,103.61
2005,1600,Prov. Sumatera Selatan,26884,28.11,75566,-2.990833,104.7567
2005,1700,Prov. Bengkulu,31998,26.28,84089,-3.795556,102.2592
2005,1800,Prov. Lampung,411629,34.96,1439000,-5.429722,105.2625
2005,1900,Prov. Kepulauan Bangka Belitung,945,29.23,2762,-2.1,106.1
2005,2100,Prov. Kepulauan Riau,290,20.14,584,1.083333,104.4833
2005,3100,Prov. DKI Jakarta,37,18.11,67,-6.183333,106.8333
2005,3200,Prov. Jawa Barat,117413,50.01,587186,-6.914722,107.6097
2005,3300,Prov. Jawa Tengah,596303,36.75,2191258,-6.966667,110.4167
2005,3400,Prov. D I Yogyakarta,72714,34.24,248960,-7.801389,110.3644
2005,3500,Prov. Jawa Timur,1206177,36.47,4398502,-7.266667,112.7167
2005,3600,Prov. Banten,10324,28.82,29751,-6.12,106.1503
2005,5100,Prov. Bali,30810,26.58,81884,-8.65,115.2167
2005,5200,Prov. Nusa Tenggara Barat,39380,24.49,96458,-8.583333,116.1167
2005,5300,Prov. Nusa Tenggara Timur,239588,23.06,552440,-10.18333,123.5833
2005,6100,Prov. Kalimantan Barat,37743,33.77,127458,-0.0166667,109.3333
2005,6200,Prov. Kalimantan Tengah,1447,16.59,2400,-2.21,113.92
2005,6300,Prov. Kalimantan Selatan,15604,30.83,48103,-3.314444,114.5925
2005,6400,Prov. Kalimantan Timur,4722,23.68,11180,-0.5022222,117.1536
2005,7100,Prov. Sulawesi Utara,71644,27.26,195305,1.493056,124.8414
2005,7200,Prov. Sulawesi Tengah,26769,25.26,67618,-0.9,119.8333
2005,7300,Prov. Sulawesi Selatan,206569,34.18,705995,-5.133333,119.4167
2005,7400,Prov. Sulawesi Tenggara,32665,22.39,73153,-3.9675,122.5947
2005,7500,Prov. Gorontalo,107752,37.13,400046,0.5333334,123.0667
2005,7600,Prov. Sulawesi Barat,5231,33.15,17343,-2.668611,118.8622
2005,8100,Prov. Maluku,6089,23.42,14262,-3.7,128.1667
2005,8200,Prov. Maluku Utara,6090,16.28,9914,0.7833334,127.3667
2005,9100,Prov. Papua Barat,2080,15.95,3317,-0.8666667,134.0833
2005,9400,Prov. Papua,3844,16.04,6164,-2.533056,140.7169
2006,1100,Prov. Nanggroe Aceh Darussalam,29583,32.73,96838,5.55,95.31667
2006,1200,Prov. Sumatera Utara,200146,34.08,682024,3.583333,98.66666
2006,1300,Prov. Sumatera Barat,4301,47.04,202298,-0.95,100.3531
2006,1400,Prov. Riau,15539,22.35,34728,0.4816667,101.4686
2006,1500,Prov. Jambi,8637,33.91,29288,-1.589167,103.61
2006,1600,Prov. Sumatera Selatan,25199,29.32,73896,-2.990833,104.7567
2006,1700,Prov. Bengkulu,31649,26,82296,-3.795556,102.2592
2006,1800,Prov. Lampung,33264,35.59,1183982,-5.429722,105.2625
2006,1900,Prov. Kepulauan Bangka Belitung,990,29.86,2956,-2.1,106.1
2006,2100,Prov. Kepulauan Riau,436,20.53,895,1.083333,104.4833
2006,3100,Prov. DKI Jakarta,36,18.33,66,-6.183333,106.8333
2006,3200,Prov. Jawa Barat,115797,49.51,573263,-6.914722,107.6097
2006,3300,Prov. Jawa Tengah,497928,37.27,1856023,-6.966667,110.4167
2006,3400,Prov. D I Yogyakarta,7027,31.82,22362,-7.801389,110.3644
2006,3500,Prov. Jawa Timur,1099184,36.49,4011182,-7.266667,112.7167
2006,3600,Prov. Banten,8155,29.94,24417,-6.12,106.1503
2006,5100,Prov. Bali,28131,27.76,78105,-8.65,115.2167
2006,5200,Prov. Nusa Tenggara Barat,40617,25.6,103963,-8.583333,116.1167
2006,5300,Prov. Nusa Tenggara Timur,25241,23.1,582964,-10.18333,123.5833
2006,6100,Prov. Kalimantan Barat,38271,35.74,136777,-0.0166667,109.3333
2006,6200,Prov. Kalimantan Tengah,2569,28.68,7367,-2.21,113.92
2006,6300,Prov. Kalimantan Selatan,17042,34.2,58283,-3.314444,114.5925
2006,6400,Prov. Kalimantan Timur,6051,23.81,1441,-0.5022222,117.1536
2006,7100,Prov. Sulawesi Utara,82189,29.53,242714,1.493056,124.8414
2006,7200,Prov. Sulawesi Tengah,25587,25.96,66433,-0.9,119.8333
2006,7300,Prov. Sulawesi Selatan,206387,33.73,696084,-5.133333,119.4167
2006,7400,Prov. Sulawesi Tenggara,33343,22.4,74672,-3.9675,122.5947
2006,7500,Prov. Gorontalo,109792,37.91,416222,0.5333334,123.0667
2006,7600,Prov. Sulawesi Barat,5201,34.82,18109,-2.668611,118.8622
2006,8100,Prov. Maluku,6463,23.04,14888,-3.7,128.1667
2006,8200,Prov. Maluku Utara,6512,16.47,10727,0.7833334,127.3667
2006,9100,Prov. Papua Barat,1953,16.03,313,-0.8666667,134.0833
2006,9400,Prov. Papua,4088,16.74,6843,-2.533056,140.7169
2007,1100,Prov. Nanggroe Aceh Darussalam,36774,34.03,125155,5.55,95.31667
2007,1200,Prov. Sumatera Utara,229882,35.01,80485,3.583333,98.66666
2007,1300,Prov. Sumatera Barat,43182,51.7,223233,-0.95,100.3531
2007,1400,Prov. Riau,18379,21.99,4041,0.4816667,101.4686
2007,1500,Prov. Jambi,8655,34.69,30028,-1.589167,103.61
2007,1600,Prov. Sumatera Selatan,25908,32.45,84081,-2.990833,104.7567
2007,1700,Prov. Bengkulu,27117,30.75,83385,-3.795556,102.2592
2007,1800,Prov. Lampung,369971,36.4,1346821,-5.429722,105.2625
2007,1900,Prov. Kepulauan Bangka Belitung,904,30.27,2736,-2.1,106.1
2007,2100,Prov. Kepulauan Riau,439,20.34,893,1.083333,104.4833
2007,3100,Prov. DKI Jakarta,20,19.5,39,-6.183333,106.8333
2007,3200,Prov. Jawa Barat,113373,50.94,577513,-6.914722,107.6097
2007,3300,Prov. Jawa Tengah,571013,39.12,2233992,-6.966667,110.4167
2007,3400,Prov. D I Yogyakarta,70216,36.77,258187,-7.801389,110.3644
2007,3500,Prov. Jawa Timur,1153496,36.86,4252182,-7.266667,112.7167
2007,3600,Prov. Banten,6736,30.76,20723,-6.12,106.1503
2007,5100,Prov. Bali,24021,28.81,69209,-8.65,115.2167
2007,5200,Prov. Nusa Tenggara Barat,42955,28.08,120612,-8.583333,116.1167
2007,5300,Prov. Nusa Tenggara Timur,217478,23.65,51436,-10.18333,123.5833
2007,6100,Prov. Kalimantan Barat,36295,42.46,154118,-0.0166667,109.3333
2007,6200,Prov. Kalimantan Tengah,1385,28.67,3971,-2.21,113.92
2007,6300,Prov. Kalimantan Selatan,22241,45.39,100957,-3.314444,114.5925
2007,6400,Prov. Kalimantan Timur,4919,23.62,1162,-0.5022222,117.1536
2007,7100,Prov. Sulawesi Utara,115664,35.17,406759,1.493056,124.8414
2007,7200,Prov. Sulawesi Tengah,40516,29.45,119324,-0.9,119.8333
2007,7300,Prov. Sulawesi Selatan,262436,36.96,969955,-5.133333,119.4167
2007,7400,Prov. Sulawesi Tenggara,40975,23.68,97037,-3.9675,122.5947
2007,7500,Prov. Gorontalo,119027,48.12,572785,0.5333334,123.0667
2007,7600,Prov. Sulawesi Barat,7359,36.19,26633,-2.668611,118.8622
2007,8100,Prov. Maluku,6761,23.2,15685,-3.7,128.1667
2007,8200,Prov. Maluku Utara,6568,16.43,10793,0.7833334,127.3667
2007,9100,Prov. Papua Barat,1518,15.99,2428,-0.8666667,134.0833
2007,9400,Prov. Papua,4141,17.03,7053,-2.533056,140.7169
2008,1100,Prov. Nanggroe Aceh Darussalam,34164,33.04,112894,5.55,95.31667
2008,1200,Prov. Sumatera Utara,240413,45.71,1098969,3.583333,98.66666
2008,1300,Prov. Sumatera Barat,63219,55.65,351843,-0.95,100.3531
2008,1400,Prov. Riau,21397,22.41,47959,0.4816667,101.4686
2008,1500,Prov. Jambi,9520,36.36,34616,-1.589167,103.61
2008,1600,Prov. Sumatera Selatan,31716,31.98,101439,-2.990833,104.7567
2008,1700,Prov. Bengkulu,35661,31.36,111826,-3.795556,102.2592
2008,1800,Prov. Lampung,387549,46.7,1809886,-5.429722,105.2625
2008,1900,Prov. Kepulauan Bangka Belitung,393,30.36,1193,-2.1,106.1
2008,2100,Prov. Kepulauan Riau,531,21.19,1125,1.083333,104.4833
2008,3100,Prov. DKI Jakarta,20,19.5,39,-6.183333,106.8333
2008,3200,Prov. Jawa Barat,118976,53.78,639822,-6.914722,107.6097
2008,3300,Prov. Jawa Tengah,639354,41.92,2679914,-6.966667,110.4167
2008,3400,Prov. D I Yogyakarta,71164,40.1,285372,-7.801389,110.3644
2008,3500,Prov. Jawa Timur,1235933,40.88,5053107,-7.266667,112.7167
2008,3600,Prov. Banten,6288,32.08,20169,-6.12,106.1503
2008,5100,Prov. Bali,27251,28.48,77619,-8.65,115.2167
2008,5200,Prov. Nusa Tenggara Barat,59078,33.22,196263,-8.583333,116.1167
2008,5300,Prov. Nusa Tenggara Timur,270717,24.86,673112,-10.18333,123.5833
2008,6100,Prov. Kalimantan Barat,42834,42.35,181407,-0.0166667,109.3333
2008,6200,Prov. Kalimantan Tengah,2104,28.43,5982,-2.21,113.92
2008,6300,Prov. Kalimantan Selatan,20116,47.26,95064,-3.314444,114.5925
2008,6400,Prov. Kalimantan Timur,5375,23.8,12795,-0.5022222,117.1536
2008,7100,Prov. Sulawesi Utara,131791,35.36,466041,1.493056,124.8414
2008,7200,Prov. Sulawesi Tengah,38209,35.83,136907,-0.9,119.8333
2008,7300,Prov. Sulawesi Selatan,285094,41.94,1195691,-5.133333,119.4167
2008,7400,Prov. Sulawesi Tenggara,37249,24.98,93064,-3.9675,122.5947
2008,7500,Prov. Gorontalo,156436,48.17,753598,0.5333334,123.0667
2008,7600,Prov. Sulawesi Barat,9110,44.18,40252,-2.668611,118.8622
2008,8100,Prov. Maluku,8045,23.52,18924,-3.7,128.1667
2008,8200,Prov. Maluku Utara,6834,16.82,11493,0.7833334,127.3667
2008,9100,Prov. Papua Barat,1070,15.99,1711,-0.8666667,134.0833
2008,9400,Prov. Papua,4113,17.4,7155,-2.533056,140.7169
2009,1100,Prov. Nanggroe Aceh Darussalam,39731,34.67,137753,5.55,95.31667
2009,1200,Prov. Sumatera Utara,247782,47.08,1166548,3.583333,98.66666
2009,1300,Prov. Sumatera Barat,70882,57.11,404795,-0.95,100.3531
2009,1400,Prov. Riau,25016,22.59,56521,0.4816667,101.4686
2009,1500,Prov. Jambi,10112,37.75,38169,-1.589167,103.61
2009,1600,Prov. Sumatera Selatan,31693,35.71,113167,-2.990833,104.7567
2009,1700,Prov. Bengkulu,28205,33.26,93798,-3.795556,102.2592
2009,1800,Prov. Lampung,434542,47.58,2067710,-5.429722,105.2625
2009,1900,Prov. Kepulauan Bangka Belitung,458,30.63,1403,-2.1,106.1
2009,2100,Prov. Kepulauan Riau,502,21.2,1064,1.083333,104.4833
2009,3100,Prov. DKI Jakarta,16,20,32,-6.183333,106.8333
2009,3200,Prov. Jawa Barat,136707,57.61,787599,-6.914722,107.6097
2009,3300,Prov. Jawa Tengah,661706,46.21,3057845,-6.966667,110.4167
2009,3400,Prov. D I Yogyakarta,74563,42.24,314937,-7.801389,110.3644
2009,3500,Prov. Jawa Timur,1295070,40.67,5266720,-7.266667,112.7167
2009,3600,Prov. Banten,8425,32.15,27083,-6.12,106.1503
2009,5100,Prov. Bali,32305,28.79,92998,-8.65,115.2167
2009,5200,Prov. Nusa Tenggara Barat,81543,37.88,308863,-8.583333,116.1167
2009,5300,Prov. Nusa Tenggara Timur,250536,25.5,638899,-10.18333,123.5833
2009,6100,Prov. Kalimantan Barat,41302,40.39,166833,-0.0166667,109.3333
2009,6200,Prov. Kalimantan Tengah,2821,28.53,8048,-2.21,113.92
2009,6300,Prov. Kalimantan Selatan,22979,49.56,113885,-3.314444,114.5925
2009,6400,Prov. Kalimantan Timur,5141,24.35,12520,-0.5022222,117.1536
2009,7100,Prov. Sulawesi Utara,126349,35.69,450989,1.493056,124.8414
2009,7200,Prov. Sulawesi Tengah,46245,35.52,164282,-0.9,119.8333
2009,7300,Prov. Sulawesi Selatan,299669,46.58,1395742,-5.133333,119.4167
2009,7400,Prov. Sulawesi Tenggara,27214,26.33,71655,-3.9675,122.5947
2009,7500,Prov. Gorontalo,124798,45.6,569110,0.5333334,123.0667
2009,7600,Prov. Sulawesi Barat,11694,49.87,58320,-2.668611,118.8622
2009,8100,Prov. Maluku,6749,23.5,15859,-3.7,128.1667
2009,8200,Prov. Maluku Utara,10984,16.6,18229,0.7833334,127.3667
2009,9100,Prov. Papua Barat,965,16.42,1585,-0.8666667,134.0833
2009,9400,Prov. Papua,3955,17.16,6787,-2.533056,140.7169
2010,1100,Prov. Nanggroe Aceh Darussalam,43885,38.07,167090,5.55,95.31667
2010,1200,Prov. Sumatera Utara,274822,50.13,1377718,3.583333,98.66666
2010,1300,Prov. Sumatera Barat,59801,59.24,354262,-0.95,100.3531
2010,1400,Prov. Riau,18044,23.2,41862,0.4816667,101.4686
2010,1500,Prov. Jambi,8280,37.07,30691,-1.589167,103.61
2010,1600,Prov. Sumatera Selatan,33769,37.25,125796,-2.990833,104.7567
2010,1700,Prov. Bengkulu,20516,36.23,74331,-3.795556,102.2592
2010,1800,Prov. Lampung,447509,47.52,2126571,-5.429722,105.2625
2010,1900,Prov. Kepulauan Bangka Belitung,341,30.94,1055,-2.1,106.1
2010,2100,Prov. Kepulauan Riau,454,21.17,961,1.083333,104.4833
2010,3100,Prov. DKI Jakarta,15,20.67,31,-6.183333,106.8333
2010,3200,Prov. Jawa Barat,153778,60.08,923962,-6.914722,107.6097
2010,3300,Prov. Jawa Tengah,631816,48.41,3058710,-6.966667,110.4167
2010,3400,Prov. D I Yogyakarta,86837,39.8,345576,-7.801389,110.3644
2010,3500,Prov. Jawa Timur,1257721,44.42,5587318,-7.266667,112.7167
2010,3600,Prov. Banten,8697,32.84,28557,-6.12,106.1503
2010,5100,Prov. Bali,26706,24.85,66355,-8.65,115.2167
2010,5200,Prov. Nusa Tenggara Barat,61593,40.43,249005,-8.583333,116.1167
2010,5300,Prov. Nusa Tenggara Timur,244583,26.72,653620,-10.18333,123.5833
2010,6100,Prov. Kalimantan Barat,45014,37.38,168273,-0.0166667,109.3333
2010,6200,Prov. Kalimantan Tengah,3247,28.78,9345,-2.21,113.92
2010,6300,Prov. Kalimantan Selatan,22584,51.56,116449,-3.314444,114.5925
2010,6400,Prov. Kalimantan Timur,4693,25.56,11993,-0.5022222,117.1536
2010,7100,Prov. Sulawesi Utara,121930,36.59,446144,1.493056,124.8414
2010,7200,Prov. Sulawesi Tengah,42747,37.97,162306,-0.9,119.8333
2010,7300,Prov. Sulawesi Selatan,303375,44.27,1343044,-5.133333,119.4167
2010,7400,Prov. Sulawesi Tenggara,29607,25.28,74840,-3.9675,122.5947
2010,7500,Prov. Gorontalo,143833,47.22,679167,0.5333334,123.0667
2010,7600,Prov. Sulawesi Barat,13308,43.6,58020,-2.668611,118.8622
2010,8100,Prov. Maluku,6293,24.27,15273,-3.7,128.1667
2010,8200,Prov. Maluku Utara,10813,19,20546,0.7833334,127.3667
2010,9100,Prov. Papua Barat,1162,16.62,1931,-0.8666667,134.0833
2010,9400,Prov. Papua,3903,17.51,6834,-2.533056,140.7169
2011,1100,Prov. Nanggroe Aceh Darussalam,41853,40.35,168861,5.55,95.31667
2011,1200,Prov. Sumatera Utara,255291,50.71,1294645,3.583333,98.66666
2011,1300,Prov. Sumatera Barat,71116,66.35,471849,-0.95,100.3531
2011,1400,Prov. Riau,14139,23.48,33197,0.4816667,101.4686
2011,1500,Prov. Jambi,6706,38.06,25521,-1.589167,103.61
2011,1600,Prov. Sumatera Selatan,32965,38.13,125688,-2.990833,104.7567
2011,1700,Prov. Bengkulu,22215,39.33,87362,-3.795556,102.2592
2011,1800,Prov. Lampung,380917,47.72,1817906,-5.429722,105.2625
2011,1900,Prov. Kepulauan Bangka Belitung,277,30.69,850,-2.1,106.1
2011,2100,Prov. Kepulauan Riau,434,21.27,923,1.083333,104.4833
2011,3100,Prov. DKI Jakarta,12,19.17,23,-6.183333,106.8333
2011,3200,Prov. Jawa Barat,147152,64.23,945104,-6.914722,107.6097
2011,3300,Prov. Jawa Tengah,520149,53.3,2772575,-6.966667,110.4167
2011,3400,Prov. D I Yogyakarta,69768,41.8,291596,-7.801389,110.3644
2011,3500,Prov. Jawa Timur,1204063,45.21,5443705,-7.266667,112.7167
2011,3600,Prov. Banten,4600,30.14,13863,-6.12,106.1503
2011,5100,Prov. Bali,22739,28.41,64606,-8.65,115.2167
2011,5200,Prov. Nusa Tenggara Barat,89307,51.16,456915,-8.583333,116.1167
2011,5300,Prov. Nusa Tenggara Timur,246893,21.25,524638,-10.18333,123.5833
2011,6100,Prov. Kalimantan Barat,45593,35.27,160819,-0.0166667,109.3333
2011,6200,Prov. Kalimantan Tengah,3195,28.82,9208,-2.21,113.92
2011,6300,Prov. Kalimantan Selatan,19487,51.2,99779,-3.314444,114.5925
2011,6400,Prov. Kalimantan Timur,2965,24.76,7341,-0.5022222,117.1536
2011,7100,Prov. Sulawesi Utara,119850,36.59,438504,1.493056,124.8414
2011,7200,Prov. Sulawesi Tengah,41218,39.26,161810,-0.9,119.8333
2011,7300,Prov. Sulawesi Selatan,297126,47.8,1420154,-5.133333,119.4167
2011,7400,Prov. Sulawesi Tenggara,28892,23.53,67997,-3.9675,122.5947
2011,7500,Prov. Gorontalo,135754,44.62,605782,0.5333334,123.0667
2011,7600,Prov. Sulawesi Barat,17372,47.78,82995,-2.668611,118.8622
2011,8100,Prov. Maluku,4808,28.86,13875,-3.7,128.1667
2011,8200,Prov. Maluku Utara,12733,20.54,26149,0.7833334,127.3667
2011,9100,Prov. Papua Barat,1278,16.63,2125,-0.8666667,134.0833
2011,9400,Prov. Papua,3825,18,6885,-2.533056,140.7169
2012,1100,Prov. Nanggroe Aceh Darussalam,43675,38.3,167285,5.55,95.31667
2012,1200,Prov. Sumatera Utara,243098,55.41,1347124,3.583333,98.66666
2012,1300,Prov. Sumatera Barat,75657,65.49,495497,-0.95,100.3531
2012,1400,Prov. Riau,13284,23.66,31433,0.4816667,101.4686
2012,1500,Prov. Jambi,6587,38.82,25571,-1.589167,103.61
2012,1600,Prov. Sumatera Selatan,28617,39.46,112917,-2.990833,104.7567
2012,1700,Prov. Bengkulu,22653,45.81,103771,-3.795556,102.2592
2012,1800,Prov. Lampung,360264,48.86,1760275,-5.429722,105.2625
2012,1900,Prov. Kepulauan Bangka Belitung,268,36.08,967,-2.1,106.1
2012,2100,Prov. Kepulauan Riau,390,21.77,849,1.083333,104.4833
2012,3100,Prov. DKI Jakarta,3,20,6,-6.183333,106.8333
2012,3200,Prov. Jawa Barat,148601,69.22,1028653,-6.914722,107.6097
2012,3300,Prov. Jawa Tengah,553372,54.97,3041630,-6.966667,110.4167
2012,3400,Prov. D I Yogyakarta,73766,45.63,336608,-7.801389,110.3644
2012,3500,Prov. Jawa Timur,1232523,51.08,6295301,-7.266667,112.7167
2012,3600,Prov. Banten,3074,31.94,9819,-6.12,106.1503
2012,5100,Prov. Bali,21008,29.45,61873,-8.65,115.2167
2012,5200,Prov. Nusa Tenggara Barat,117030,54.92,642674,-8.583333,116.1167
2012,5300,Prov. Nusa Tenggara Timur,245323,25.66,629386,-10.18333,123.5833
2012,6100,Prov. Kalimantan Barat,44642,38.11,170123,-0.0166667,109.3333
2012,6200,Prov. Kalimantan Tengah,2752,28.88,7947,-2.21,113.92
2012,6300,Prov. Kalimantan Selatan,21723,51.59,112066,-3.314444,114.5925
2012,6400,Prov. Kalimantan Timur,4104,24.22,9940,-0.5022222,117.1536
2012,7100,Prov. Sulawesi Utara,120272,36.61,440308,1.493056,124.8414
2012,7200,Prov. Sulawesi Tengah,37418,37.86,141649,-0.9,119.8333
2012,7300,Prov. Sulawesi Selatan,325329,46.58,1515329,-5.133333,119.4167
2012,7400,Prov. Sulawesi Tenggara,30884,25.4,78447,-3.9675,122.5947
2012,7500,Prov. Gorontalo,135543,47.57,644754,0.5333334,123.0667
2012,7600,Prov. Sulawesi Barat,25141,48.75,122554,-2.668611,118.8622
2012,8100,Prov. Maluku,4768,38.34,18281,-3.7,128.1667
2012,8200,Prov. Maluku Utara,11074,23.07,25543,0.7833334,127.3667
2012,9100,Prov. Papua Barat,1199,17.09,2049,-0.8666667,134.0833
2012,9400,Prov. Papua,3553,17.99,6393,-2.533056,140.7169
2013,1100,Prov. Nanggroe Aceh Darussalam,43444,40.34,175273,5.55,95.31667
2013,1200,Prov. Sumatera Utara,211750,55.87,1183011,3.583333,98.66666
2013,1300,Prov. Sumatera Barat,81665,67.03,547417,-0.95,100.3531
2013,1400,Prov. Riau,11748,23.88,28052,0.4816667,101.4686
2013,1500,Prov. Jambi,6504,39.5,25690,-1.589167,103.61
2013,1600,Prov. Sumatera Selatan,32558,51.43,167457,-2.990833,104.7567
2013,1700,Prov. Bengkulu,18257,51.48,93988,-3.795556,102.2592
2013,1800,Prov. Lampung,346284,50.83,1760126,-5.429722,105.2625
2013,1900,Prov. Kepulauan Bangka Belitung,237,33.46,793,-2.1,106.1
2013,2100,Prov. Kepulauan Riau,339,23.3,790,1.083333,104.4833
2013,3100,Prov. DKI Jakarta,0,0,0,-6.183333,106.8333
2013,3200,Prov. Jawa Barat,152923,72.06,1101997,-6.914722,107.6097
2013,3300,Prov. Jawa Tengah,532061,55.09,2930911,-6.966667,110.4167
2013,3400,Prov. D I Yogyakarta,70772,40.92,289580,-7.801389,110.3644
2013,3500,Prov. Jawa Timur,1199544,48.03,5760959,-7.266667,112.7167
2013,3600,Prov. Banten,3583,33.6,12038,-6.12,106.1503
2013,5100,Prov. Bali,18223,31.59,57573,-8.65,115.2167
2013,5200,Prov. Nusa Tenggara Barat,110273,57.47,633773,-8.583333,116.1167
2013,5300,Prov. Nusa Tenggara Timur,270394,26.17,707642,-10.18333,123.5833
2013,6100,Prov. Kalimantan Barat,42597,37.43,159423,-0.0166667,109.3333
2013,6200,Prov. Kalimantan Tengah,2083,30.17,6284,-2.21,113.92
2013,6300,Prov. Kalimantan Selatan,20629,51.89,107043,-3.314444,114.5925
2013,6400,Prov. Kalimantan Timur,2300,25.33,5826,-0.5022222,117.1536
2013,7100,Prov. Sulawesi Utara,122237,36.65,448002,1.493056,124.8414
2013,7200,Prov. Sulawesi Tengah,34077,40.76,138890,-0.9,119.8333
2013,7300,Prov. Sulawesi Selatan,274046,45.62,1250202,-5.133333,119.4167
2013,7400,Prov. Sulawesi Tenggara,27133,24.91,67578,-3.9675,122.5947
2013,7500,Prov. Gorontalo,140423,47.65,669094,0.5333334,123.0667
2013,7600,Prov. Sulawesi Barat,26261,48.13,126407,-2.668611,118.8622
2013,8100,Prov. Maluku,3203,37.28,11940,-3.7,128.1667
2013,8200,Prov. Maluku Utara,10395,28.3,29421,0.7833334,127.3667
2013,9100,Prov. Papua Barat,1213,17.09,2073,-0.8666667,134.0833
2013,9400,Prov. Papua,3005,23.41,7034,-2.533056,140.7169
